Name,Sector,duration_years,log_raised_musd,log_raised_musd_std,n_flags,n_flags_std,raised_imputed,raised_dirty,Giants,No Budget,Competition,Poor Market Fit,Acquisition Stagnation,Monetization Failure,Niche Limits,Execution Flaws,Trend Shifts,sector_Finance and Insurance,sector_Health Care,sector_Information,sector_Manufacturing,sector_Retail Trade
Avant,Finance and Insurance,11,2.816241299991783,1.5963765129776692,3.0,0.19020708036603148,0,False,1,1,1,0,0,0,0,0,0,1,0,0,0,0
Bitpass,Finance and Insurance,6,0.3010299956639812,-1.2683225271668068,3.0,0.19020708036603148,0,False,1,0,1,1,0,0,0,0,0,1,0,0,0,0
Cake Financial,Finance and Insurance,5,0.47712125471966244,-1.067763448918923,3.0,0.19020708036603148,0,False,1,0,1,0,1,0,0,0,0,1,0,0,0,0
Circle,Finance and Insurance,10,2.6989700043360187,1.4628104115835159,3.0,0.19020708036603148,0,False,1,0,1,0,0,0,0,0,1,1,0,0,0,0
Clarity Money,Finance and Insurance,6,1.0413926851582251,-0.4250866995035066,3.0,0.19020708036603148,0,False,1,0,1,0,1,0,0,0,0,1,0,0,0,0
Clinkle,Finance and Insurance,5,1.4771212547196624,0.07118620322971668,4.0,1.2859070221928885,0,False,1,0,1,0,0,0,0,1,0,1,0,0,0,0
Coinbase NFT,Finance and Insurance,2,0.0,-1.6111805360146048,3.0,0.19020708036603148,0,True,1,0,1,0,0,0,0,0,1,1,0,0,0,0
FundersClub,Finance and Insurance,10,1.3010299956639813,-0.12937287501816733,3.0,0.19020708036603148,0,False,1,0,1,0,0,1,0,0,0,1,0,0,0,0
Fuze Network,Finance and Insurance,6,0.6989700043360189,-0.8150888927137631,3.0,0.19020708036603148,0,False,1,0,1,0,0,0,1,0,0,1,0,0,0,0
Indiegogo Life,Finance and Insurance,5,1.0,-0.47223088386596523,4.0,1.2859070221928885,0,True,1,0,1,1,0,0,1,0,0,1,0,0,0,0
Isentium,Finance and Insurance,8,1.1760912590556813,-0.271671805618081,3.0,0.19020708036603148,0,False,1,0,1,1,0,0,0,0,0,1,0,0,0,0
LendUp,Finance and Insurance,9,2.5440680443502757,1.2863848781406113,4.0,1.2859070221928885,0,False,1,0,1,0,0,0,0,0,0,1,0,0,0,0
LendingClub,Finance and Insurance,15,3.0,1.8056684204313138,3.0,0.19020708036603148,0,False,1,0,1,0,0,0,0,0,0,1,0,0,0,0
LendLayer,Finance and Insurance,4,-0.3979400086720376,-2.0644141704676486,4.0,1.2859070221928885,0,False,1,0,1,0,1,0,1,0,0,1,0,0,0,0
Loyal3,Finance and Insurance,10,1.4771212547196624,0.07118620322971668,2.0,-0.9054928614608255,0,False,1,0,1,0,0,0,0,0,0,1,0,0,0,0
Money360,Finance and Insurance,8,1.0,-0.47223088386596523,2.0,-0.9054928614608255,0,True,1,0,1,0,0,0,0,0,0,1,0,0,0,0
Monitor110,Finance and Insurance,3,0.47712125471966244,-1.067763448918923,3.0,0.19020708036603148,0,True,1,0,1,1,0,0,0,0,0,1,0,0,0,0
Mozido,Finance and Insurance,9,2.2671717284030137,0.9710139154112376,3.0,0.19020708036603148,0,False,1,0,1,0,0,0,0,1,0,1,0,0,0,0
Pawngo,Finance and Insurance,6,0.7781512503836436,-0.724905440071125,3.0,0.19020708036603148,0,False,0,0,1,1,0,0,1,0,0,1,0,0,0,0
Pay By Touch,Finance and Insurance,5,2.4771212547196626,1.2101358553783566,3.0,0.19020708036603148,0,True,1,0,1,0,0,0,0,1,0,1,0,0,0,0
Plum Will,Finance and Insurance,5,0.3010299956639812,-1.2683225271668068,3.0,0.19020708036603148,0,True,1,0,1,1,0,0,0,0,0,1,0,0,0,0
PoundPay,Finance and Insurance,4,0.0,-1.6111805360146048,3.0,0.19020708036603148,0,True,1,0,1,0,1,0,0,0,0,1,0,0,0,0
ReadyForZero,Finance and Insurance,7,0.6989700043360189,-0.8150888927137631,3.0,0.19020708036603148,0,False,1,0,1,0,1,0,0,0,0,1,0,0,0,0
RushCard,Finance and Insurance,15,1.3010299956639813,-0.12937287501816733,3.0,0.19020708036603148,0,True,1,0,1,0,0,0,0,0,0,1,0,0,0,0
Seed,Finance and Insurance,5,0.6989700043360189,-0.8150888927137631,2.0,-0.9054928614608255,0,False,1,0,1,0,0,0,0,0,0,1,0,0,0,0
Sensible,Finance and Insurance,4,0.6020599913279624,-0.9254645183190091,4.0,1.2859070221928885,0,True,1,0,1,1,0,0,1,0,0,1,0,0,0,0
SigFig,Finance and Insurance,11,1.845098040014257,0.4902932348397698,3.0,0.19020708036603148,0,False,1,0,1,0,1,0,0,0,0,1,0,0,0,0
Simple,Finance and Insurance,7,1.3979400086720377,-0.018997249412921274,3.0,0.19020708036603148,0,False,1,0,1,0,1,0,0,0,0,1,0,0,0,0
SmartAsset,Finance and Insurance,11,2.2068258760318495,0.902283027844487,2.0,-0.9054928614608255,0,False,1,0,1,0,0,0,0,0,0,1,0,0,0,0
SoFi Social,Finance and Insurance,5,0.0,-1.6111805360146048,4.0,1.2859070221928885,0,True,1,0,1,1,0,0,1,0,0,1,0,0,0,0
Square Cash,Finance and Insurance,7,0.0,-1.6111805360146048,2.0,-0.9054928614608255,0,True,1,0,1,0,0,0,0,0,0,1,0,0,0,0
Taulia,Finance and Insurance,13,2.3010299956639813,1.0095767771304722,3.0,0.19020708036603148,0,False,1,0,1,0,1,0,0,0,0,1,0,0,0,0
Tilt,Finance and Insurance,6,1.8260748027008264,0.4686267253188971,3.0,0.19020708036603148,0,False,1,0,1,0,1,0,0,0,0,1,0,0,0,0
Toshl,Finance and Insurance,12,0.0,-1.6111805360146048,2.0,-0.9054928614608255,0,True,1,0,1,0,0,0,0,0,0,1,0,0,0,0
TrustEgg,Finance and Insurance,4,-0.3010299956639812,-1.9540385448624027,3.0,0.19020708036603148,0,True,0,0,1,1,0,0,1,0,0,1,0,0,0,0
Upstart,Finance and Insurance,11,2.1583624920952498,0.8470856735679507,3.0,0.19020708036603148,0,False,1,1,1,0,0,0,0,0,0,1,0,0,0,0
Vemo,Finance and Insurance,6,1.3010299956639813,-0.12937287501816733,3.0,0.19020708036603148,0,True,1,0,1,0,0,0,0,0,0,1,0,0,0,0
Venmo Groups,Finance and Insurance,5,0.0,-1.6111805360146048,4.0,1.2859070221928885,0,True,1,0,1,1,0,0,1,0,0,1,0,0,0,0
Vittana,Finance and Insurance,7,0.6989700043360189,-0.8150888927137631,3.0,0.19020708036603148,0,True,1,0,1,0,0,0,1,0,0,1,0,0,0,0
Wealthfront Cash,Finance and Insurance,5,0.0,-1.6111805360146048,2.0,-0.9054928614608255,0,True,1,0,1,0,0,0,0,0,0,1,0,0,0,0
Wealthsimple Trade,Finance and Insurance,6,0.0,-1.6111805360146048,2.0,-0.9054928614608255,0,True,1,0,1,0,0,0,0,0,0,1,0,0,0,0
Wepay,Finance and Insurance,12,1.8750612633917,0.5244198376827607,3.0,0.19020708036603148,0,False,1,0,1,0,1,0,0,0,0,1,0,0,0,0
Wesabe,Finance and Insurance,5,0.6020599913279624,-0.9254645183190091,3.0,0.19020708036603148,0,False,1,0,1,1,0,0,0,0,0,1,0,0,0,0
Wise,Finance and Insurance,12,2.8382192219076257,1.6214082594986678,3.0,0.19020708036603148,0,False,1,1,1,0,0,0,0,0,0,1,0,0,0,0
YayPay,Finance and Insurance,6,1.1760912590556813,-0.271671805618081,3.0,0.19020708036603148,0,False,1,0,1,0,1,0,0,0,0,1,0,0,0,0
Ycharts,Finance and Insurance,12,1.1760912590556813,-0.271671805618081,3.0,0.19020708036603148,0,False,1,0,1,0,1,0,0,0,0,1,0,0,0,0
ZestFinance,Finance and Insurance,11,2.0492180226701815,0.7227756180823214,3.0,0.19020708036603148,0,False,1,0,1,0,0,0,0,0,0,1,0,0,0,0
Cafe X,Accommodation and Food Services,6,1.1760912590556813,-0.271671805618081,4.0,1.2859070221928885,0,False,1,0,1,1,0,0,0,0,0,0,0,0,0,0
Caviar,Accommodation and Food Services,8,1.954242509439325,0.6146032903253988,3.0,0.19020708036603148,0,False,1,0,1,0,1,0,0,0,0,0,0,0,0,0
Chef'd,Accommodation and Food Services,5,1.5440680443502757,0.14743522599197184,3.0,0.19020708036603148,0,False,1,0,1,0,0,0,0,0,0,0,0,0,0,0
ChowNow,Accommodation and Food Services,12,1.806179973983887,0.44596751707218224,2.0,-0.9054928614608255,0,False,1,0,1,0,0,0,0,0,0,0,0,0,0,0
Clover,Accommodation and Food Services,8,1.3010299956639813,-0.12937287501816733,4.0,1.2859070221928885,0,False,1,0,1,0,0,0,1,0,0,0,0,0,0,0
Curb Food,Accommodation and Food Services,4,1.0,-0.47223088386596523,4.0,1.2859070221928885,0,False,1,0,1,0,0,0,0,1,0,0,0,0,0,0
Dinner Lab,Accommodation and Food Services,6,1.0,-0.47223088386596523,3.0,0.19020708036603148,0,False,0,1,0,1,0,0,0,0,0,0,0,0,0,0
Flowtab,Accommodation and Food Services,3,0.3010299956639812,-1.2683225271668068,2.0,-0.9054928614608255,0,False,0,1,0,1,0,0,0,0,0,0,0,0,0,0
Foodler,Accommodation and Food Services,14,0.6989700043360189,-0.8150888927137631,3.0,0.19020708036603148,0,False,1,0,1,0,1,0,0,0,0,0,0,0,0,0
Grubwithus,Accommodation and Food Services,5,0.9030899869919435,-0.5826065094712113,3.0,0.19020708036603148,0,False,0,1,0,1,0,0,0,0,0,0,0,0,0,0
Maple,Accommodation and Food Services,5,1.6989700043360187,0.3238607594348764,3.0,0.19020708036603148,0,False,1,0,1,0,0,0,0,0,0,0,0,0,0,0
Munchery,Accommodation and Food Services,8,2.0969100130080562,0.7770943938879201,4.0,1.2859070221928885,0,False,1,0,1,0,0,0,0,1,0,0,0,0,0,0
Nosh,Accommodation and Food Services,4,0.6989700043360189,-0.8150888927137631,4.0,1.2859070221928885,0,False,1,1,1,0,0,0,0,0,0,0,0,0,0,0
OrderAhead,Accommodation and Food Services,6,1.0,-0.47223088386596523,4.0,1.2859070221928885,0,False,1,0,1,0,1,0,0,0,1,0,0,0,0,0
Presto,Accommodation and Food Services,5,1.4771212547196624,0.07118620322971668,3.0,0.19020708036603148,0,False,0,0,1,1,0,0,0,0,0,0,0,0,0,0
Revolution Foods,Accommodation and Food Services,15,2.0791812460476247,0.7569022209253122,2.0,-0.9054928614608255,0,False,0,0,1,0,0,0,0,0,0,0,0,0,0,0
Ritual,Accommodation and Food Services,8,2.130333768495006,0.8151623685732828,4.0,1.2859070221928885,0,False,1,0,1,0,0,0,0,0,1,0,0,0,0,0
SpoonRocket,Accommodation and Food Services,4,1.1139433523068367,-0.3424551423914437,4.0,1.2859070221928885,0,False,1,1,1,0,0,1,0,0,0,0,0,0,0,0
Sprig,Accommodation and Food Services,4,1.7558748556724915,0.38867252007012204,3.0,0.19020708036603148,0,False,1,0,1,0,0,0,0,0,0,0,0,0,0,0
Tonx,Accommodation and Food Services,5,0.6020599913279624,-0.9254645183190091,2.0,-0.9054928614608255,0,False,1,0,0,0,1,0,0,0,0,0,0,0,0,0
Zesty,Accommodation and Food Services,7,1.3010299956639813,-0.12937287501816733,4.0,1.2859070221928885,0,False,1,0,1,0,0,1,0,0,0,0,0,0,0,0
Zomato Base,Accommodation and Food Services,5,2.8195439355418688,1.6001380485886127,1.0,-2.0011928032876827,0,True,0,0,1,0,0,0,0,0,0,0,0,0,0,0
Deskbeers,Accommodation and Food Services,5,0.0,-1.6111805360146048,3.0,0.19020708036603148,0,False,1,1,0,0,0,0,1,0,0,0,0,0,0,0
HelloFresh Recipe,Accommodation and Food Services,8,2.4771212547196626,1.2101358553783566,2.0,-0.9054928614608255,0,True,1,0,1,0,0,0,0,0,0,0,0,0,0,0
Tavour,Accommodation and Food Services,9,1.0,-0.47223088386596523,2.0,-0.9054928614608255,0,False,1,0,0,0,0,0,1,0,0,0,0,0,0,0
Tastemade Travel,Accommodation and Food Services,5,1.9030899869919435,0.5563431426774282,3.0,0.19020708036603148,0,True,1,0,1,1,0,0,0,0,0,0,0,0,0,0
Aira Health,Health Care,4,1.0791812460476249,-0.382047431223327,5.0,2.3816069640197455,0,False,0,1,1,1,0,1,1,0,0,0,1,0,0,0
Amino,Health Care,8,1.6532125137753437,0.2717452814776009,4.0,1.2859070221928885,0,False,1,0,1,1,0,1,0,0,0,0,1,0,0,0
Arivale,Health Care,4,1.6989700043360187,0.3238607594348764,3.0,0.19020708036603148,0,False,0,1,0,1,0,1,0,0,0,0,1,0,0,0
Augmedix,Health Care,12,2.1760912590556813,0.8672778465305586,3.0,0.19020708036603148,0,False,1,0,1,0,1,0,0,0,0,0,1,0,0,0
Avizia,Health Care,4,1.505149978319906,0.10310950822438457,3.0,0.19020708036603148,0,False,1,0,1,0,1,0,0,0,0,0,1,0,0,0
Babylon Health,Health Care,10,2.8027737252919755,1.5810376234580374,4.0,1.2859070221928885,0,False,1,1,1,0,0,0,0,1,0,0,1,0,0,0
Basis,Health Care,2,1.4771212547196624,0.07118620322971668,3.0,0.19020708036603148,0,False,1,0,1,0,0,0,0,1,0,0,1,0,0,0
Better,Health Care,7,0.6532125137753437,-0.8672043706710386,3.0,0.19020708036603148,0,False,1,0,1,1,0,0,0,0,0,0,1,0,0,0
BetterHelp,Health Care,4,1.4913616938342726,0.08740534640574592,4.0,1.2859070221928885,0,False,1,0,1,1,0,0,0,0,0,0,1,0,0,0
BioBeats,Health Care,6,0.8450980400142568,-0.6486564173088699,3.0,0.19020708036603148,0,False,1,0,1,0,1,0,0,0,0,0,1,0,0,0
Call9,Health Care,4,1.5314789170422551,0.13309684382364692,4.0,1.2859070221928885,0,False,0,1,0,1,0,1,0,1,0,0,1,0,0,0
Cardiogram,Health Care,5,0.3010299956639812,-1.2683225271668068,5.0,2.3816069640197455,0,False,1,1,1,1,0,1,0,0,0,0,1,0,0,0
CareSync,Health Care,7,1.6812412373755872,0.3036685864722686,3.0,0.19020708036603148,0,False,0,1,0,1,0,1,0,0,0,0,1,0,0,0
CareZone,Health Care,7,2.2068258760318495,0.902283027844487,4.0,1.2859070221928885,0,False,1,0,1,0,1,1,0,0,0,0,1,0,0,0
Clarityn,Health Care,4,1.3010299956639813,-0.12937287501816733,4.0,1.2859070221928885,0,False,1,0,1,0,0,0,0,1,0,0,1,0,0,0
Clinkle,Health Care,5,1.4771212547196624,0.07118620322971668,1.0,-2.0011928032876827,0,False,0,0,0,0,0,0,0,1,0,0,1,0,0,0
Cue Health,Health Care,10,2.606381365110605,1.3573566131448151,2.0,-0.9054928614608255,0,False,0,1,0,0,0,0,0,0,1,0,1,0,0,0
Dopamine Labs,Health Care,4,0.3979400086720376,-1.1579469015615609,2.0,-0.9054928614608255,0,False,0,0,0,1,0,0,0,1,0,0,1,0,0,0
Doxy.me,Health Care,5,0.6989700043360189,-0.8150888927137631,4.0,1.2859070221928885,0,False,1,1,1,0,0,1,0,0,0,0,1,0,0,0
Driver,Health Care,0,1.6989700043360187,0.3238607594348764,4.0,1.2859070221928885,1,True,0,1,0,1,0,1,0,0,0,0,1,0,0,0
Dthera Sciences,Health Care,4,0.47712125471966244,-1.067763448918923,3.0,0.19020708036603148,0,False,0,1,0,1,0,0,1,0,0,0,1,0,0,0
Eargo,Health Care,13,2.499687082618404,1.235837197214074,3.0,0.19020708036603148,0,False,1,0,1,0,0,0,0,0,0,0,1,0,0,0
FitStar,Health Care,2,0.6989700043360189,-0.8150888927137631,3.0,0.19020708036603148,0,False,1,0,1,0,1,0,0,0,0,0,1,0,0,0
Ginger,Health Care,10,2.342422680822206,1.0567209614929307,4.0,1.2859070221928885,0,False,1,1,1,0,1,0,0,0,0,0,1,0,0,0
Goldfinch Bio,Health Care,7,2.3201462861110542,1.0313492694855384,3.0,0.19020708036603148,0,False,0,1,0,0,0,0,0,1,1,0,1,0,0,0
Healx,Health Care,9,2.041392685158225,0.7138629526451328,3.0,0.19020708036603148,0,False,0,1,0,0,0,0,0,1,1,0,1,0,0,0
Health IQ,Health Care,9,2.1335389083702174,0.8188128615192425,3.0,0.19020708036603148,0,False,0,0,0,0,0,0,0,1,0,0,1,0,0,0
HealthRiser,Health Care,4,0.9030899869919435,-0.5826065094712113,4.0,1.2859070221928885,0,False,1,1,1,0,0,0,1,0,0,0,1,0,0,0
HealthSpot,Health Care,4,1.6334684555795864,0.24925779326354064,3.0,0.19020708036603148,0,False,1,1,1,0,0,0,0,0,0,0,1,0,0,0
HealthTap+,Health Care,7,1.9444826721501687,0.603487327039887,3.0,0.19020708036603148,0,False,1,0,1,1,0,0,0,0,0,0,1,0,0,0
HealthifyMe,Health Care,7,2.0969100130080562,0.7770943938879201,3.0,0.19020708036603148,0,False,1,0,1,1,0,0,0,0,0,0,1,0,0,0
InTouch Health,Health Care,18,1.8920946026904804,0.5438199535520362,3.0,0.19020708036603148,0,False,1,0,1,0,1,0,0,0,0,0,1,0,0,0
iRhythm,Health Care,9,2.1760912590556813,0.8672778465305586,3.0,0.19020708036603148,0,False,0,0,0,1,0,1,0,1,0,0,1,0,0,0
Jawbone,Health Care,11,2.9684829485539352,1.7697720856500676,3.0,0.19020708036603148,0,False,1,0,1,0,0,0,0,1,0,0,1,0,0,0
Kaiku Health,Health Care,8,0.7781512503836436,-0.724905440071125,2.0,-0.9054928614608255,0,False,0,0,0,1,1,0,0,0,0,0,1,0,0,0
Kyruus,Health Care,5,2.184691430817599,0.8770730091672131,1.0,-2.0011928032876827,0,False,0,0,0,1,0,0,0,0,0,0,1,0,0,0
Lantern,Health Care,6,1.3222192947339193,-0.10523933021318789,3.0,0.19020708036603148,0,False,0,0,0,1,0,1,0,0,0,0,1,0,0,0
Lantern Pharma,Health Care,5,1.414973347970818,0.00040286645635425364,4.0,1.2859070221928885,0,False,1,0,1,0,0,0,0,1,0,0,1,0,0,0
Luminary Labs,Health Care,4,1.0791812460476249,-0.382047431223327,3.0,0.19020708036603148,0,False,1,1,1,0,0,0,0,0,0,0,1,0,0,0
Lumeon,Health Care,18,1.9637878273455553,0.6254749268343481,2.0,-0.9054928614608255,0,False,0,0,0,1,0,1,0,0,0,0,1,0,0,0
MediChain,Health Care,3,1.1760912590556813,-0.271671805618081,5.0,2.3816069640197455,0,False,1,1,1,1,0,0,0,0,1,0,1,0,0,0
Medicasafe,Health Care,6,0.6989700043360189,-0.8150888927137631,3.0,0.19020708036603148,0,False,0,1,0,1,0,0,1,0,0,0,1,0,0,0
Mindstrong,Health Care,9,2.2041199826559246,0.899201151525226,5.0,2.3816069640197455,0,False,1,0,1,1,0,1,0,0,0,0,1,0,0,0
Modern Health,Health Care,6,2.2227164711475833,0.9203816156239869,3.0,0.19020708036603148,0,False,1,0,1,0,0,0,0,1,0,0,1,0,0,0
Nurx,Health Care,5,2.060697840353612,0.7358505524395942,3.0,0.19020708036603148,0,False,1,0,1,0,0,0,0,0,0,0,1,0,0,0
Olive,Health Care,11,2.932473764677153,1.7287594381994502,3.0,0.19020708036603148,0,False,0,1,0,0,0,0,0,1,1,0,1,0,0,0
Omada Health,Health Care,5,2.7403626894942437,1.5099545959459744,2.0,-0.9054928614608255,0,False,0,0,0,1,0,1,0,0,0,0,1,0,0,0
Outset Medical,Health Care,5,2.3010299956639813,1.0095767771304722,4.0,1.2859070221928885,0,False,1,1,1,0,0,0,0,1,0,0,1,0,0,0
Pear Therapeutics,Health Care,10,2.611723308007342,1.3634408171488515,4.0,1.2859070221928885,0,False,1,0,1,1,0,1,0,0,0,0,1,0,0,0
PillPack,Health Care,5,2.0718820073061255,0.7485887554997319,2.0,-0.9054928614608255,0,False,0,0,0,0,1,1,0,0,0,0,1,0,0,0
Proteus Digital Health,Health Care,16,2.6989700043360187,1.4628104115835159,3.0,0.19020708036603148,0,False,0,1,0,0,0,0,0,1,0,0,1,0,0,0
Quit Genius,Health Care,6,1.8864907251724818,0.5374374192022282,2.0,-0.9054928614608255,0,False,0,0,0,1,0,1,0,0,0,0,1,0,0,0
Scanadu,Health Care,4,1.5440680443502757,0.14743522599197184,3.0,0.19020708036603148,0,False,1,0,1,0,0,0,0,0,0,0,1,0,0,0
Sherpaa,Health Care,7,1.3424226808222062,-0.0822286906557089,4.0,1.2859070221928885,0,False,1,0,1,1,1,0,0,0,0,0,1,0,0,0
Sprig,Health Care,4,1.7481880270062005,0.3799176092345237,3.0,0.19020708036603148,0,False,1,1,1,0,0,0,0,0,0,0,1,0,0,0
StethoCloud,Health Care,3,0.17609125905568124,-1.4106214577667209,3.0,0.19020708036603148,0,False,0,1,0,1,0,0,1,0,0,0,1,0,0,0
Theranos,Health Care,15,3.146128035678238,1.9721008958362072,2.0,-0.9054928614608255,0,False,0,0,0,0,0,0,0,0,0,0,1,0,0,0
Tinnitracks,Health Care,7,0.7781512503836436,-0.724905440071125,4.0,1.2859070221928885,0,False,1,0,1,1,0,0,1,0,0,0,1,0,0,0
uBiome,Health Care,7,2.0211892990699383,0.690852313087654,1.0,-2.0011928032876827,0,False,0,0,0,0,0,0,0,0,0,0,1,0,0,0
Zeo,Health Care,5,1.4771212547196624,0.07118620322971668,5.0,2.3816069640197455,0,False,1,0,1,1,0,1,1,0,0,0,1,0,0,0
Airware,Manufacturing,7,1.845098040014257,0.4902932348397698,3.0,0.19020708036603148,0,False,1,1,1,0,0,0,0,0,0,0,0,0,1,0
Anki,Manufacturing,9,2.3010299956639813,1.0095767771304722,3.0,0.19020708036603148,0,False,1,1,1,0,0,0,0,0,0,0,0,0,1,0
Aptera Motors,Manufacturing,6,1.6020599913279623,0.21348513382963036,3.0,0.19020708036603148,0,False,1,0,1,1,0,0,0,0,0,0,0,0,1,0
Aria Insights,Manufacturing,11,1.591064607026499,0.20096194470423825,4.0,1.2859070221928885,0,False,1,0,1,1,0,0,1,0,0,0,0,0,1,0
August Home,Manufacturing,5,1.863322860120456,0.5110503873601966,3.0,0.19020708036603148,0,False,1,0,1,0,1,0,0,0,0,0,0,0,1,0
BeagleBone,Manufacturing,7,0.6989700043360189,-0.8150888927137631,4.0,1.2859070221928885,0,False,1,0,1,1,0,0,1,0,0,0,0,0,1,0
Better Place,Manufacturing,6,2.929418925714293,1.7252801304253305,3.0,0.19020708036603148,0,False,1,1,1,0,0,0,0,0,0,0,0,0,1,0
Butterfly Network,Manufacturing,9,2.6020599913279625,1.3524347859782702,4.0,1.2859070221928885,0,False,1,1,1,1,0,0,0,0,0,0,0,0,1,0
Cubelets,Manufacturing,9,1.0,-0.47223088386596523,4.0,1.2859070221928885,0,False,1,0,1,1,0,0,1,0,0,0,0,0,1,0
Dyson's EV Project,Manufacturing,2,3.4313637641589874,2.29697002956972,4.0,1.2859070221928885,0,False,1,1,1,0,0,0,0,0,0,0,0,0,1,0
Elio Motors,Manufacturing,11,1.4771212547196624,0.07118620322971668,3.0,0.19020708036603148,0,False,1,0,1,0,0,0,0,1,0,0,0,0,1,0
Essential Products,Manufacturing,5,2.5185139398778875,1.257280039740815,4.0,1.2859070221928885,0,False,1,1,1,0,0,0,0,0,0,0,0,0,1,0
Faraday Future,Manufacturing,9,3.5440680443502757,2.425334530289251,5.0,2.3816069640197455,0,False,1,1,1,0,0,0,0,1,0,0,0,0,1,0
Fisker Automotive,Manufacturing,6,3.146128035678238,1.9721008958362072,5.0,2.3816069640197455,0,False,1,1,1,0,0,0,0,1,0,0,0,0,1,0
GoPro Karma,Manufacturing,3,2.3010299956639813,1.0095767771304722,3.0,0.19020708036603148,0,False,1,0,1,0,0,0,0,1,0,0,0,0,1,0
Hello,Manufacturing,5,1.6020599913279623,0.21348513382963036,3.0,0.19020708036603148,0,False,1,0,1,0,0,0,0,0,1,0,0,0,1,0
Jawbone,Manufacturing,11,2.9684829485539352,1.7697720856500676,3.0,0.19020708036603148,0,False,1,0,1,0,0,0,0,0,1,0,0,0,1,0
Juicero,Manufacturing,4,2.0791812460476247,0.7569022209253122,5.0,2.3816069640197455,0,False,1,1,1,0,0,0,0,1,1,0,0,0,1,0
Light,Manufacturing,7,1.845098040014257,0.4902932348397698,4.0,1.2859070221928885,0,False,1,1,1,0,0,0,0,0,1,0,0,0,1,0
Lily Robotics,Manufacturing,4,1.1760912590556813,-0.271671805618081,5.0,2.3816069640197455,0,True,1,1,1,0,0,0,0,1,0,0,0,0,1,0
Lytro,Manufacturing,12,2.3010299956639813,1.0095767771304722,4.0,1.2859070221928885,0,False,1,1,1,0,0,0,0,0,1,0,0,0,1,0
MakerBot,Manufacturing,8,1.0,-0.47223088386596523,4.0,1.2859070221928885,0,True,1,0,1,0,1,0,0,1,0,0,0,0,1,0
Osmo Systems,Manufacturing,7,0.47712125471966244,-1.067763448918923,4.0,1.2859070221928885,0,False,1,0,1,1,0,0,1,0,0,0,0,0,1,0
Pearl Automation,Manufacturing,3,1.6989700043360187,0.3238607594348764,3.0,0.19020708036603148,0,False,1,0,1,1,0,0,0,0,0,0,0,0,1,0
Pebble,Manufacturing,4,1.6020599913279623,0.21348513382963036,3.0,0.19020708036603148,0,False,1,0,1,0,1,0,0,0,0,0,0,0,1,0
Quanergy,Manufacturing,10,2.2041199826559246,0.899201151525226,3.0,0.19020708036603148,0,False,1,1,1,0,0,0,0,0,0,0,0,0,1,0
Rethink Robotics,Manufacturing,10,2.1760912590556813,0.8672778465305586,3.0,0.19020708036603148,0,False,1,1,1,0,0,0,0,0,0,0,0,0,1,0
Skully Helmets,Manufacturing,3,1.1760912590556813,-0.271671805618081,5.0,2.3816069640197455,0,False,1,1,1,0,0,0,0,1,0,0,0,0,1,0
Thalmic Labs,Manufacturing,8,2.130333768495006,0.8151623685732828,3.0,0.19020708036603148,0,False,1,0,1,0,1,0,0,0,0,0,0,0,1,0
Zume,Manufacturing,8,2.574031267727719,1.3205114809836023,3.0,0.19020708036603148,0,False,1,1,1,0,0,0,0,0,0,0,0,0,1,0
99dresses,Retail Trade,3,-0.3010299956639812,-1.9540385448624027,3.0,0.19020708036603148,0,False,0,1,0,1,0,0,1,0,0,0,0,0,0,1
Ahalife,Retail Trade,7,1.3010299956639813,-0.12937287501816733,4.0,1.2859070221928885,0,False,1,0,1,0,0,1,1,0,0,0,0,0,0,1
AllRomance,Retail Trade,10,0.0,-1.6111805360146048,4.0,1.2859070221928885,0,False,1,1,0,0,0,1,0,1,0,0,0,0,0,1
Auctionata,Retail Trade,6,1.9777236052888478,0.6413470762752818,4.0,1.2859070221928885,0,False,1,0,1,0,0,0,0,1,0,0,0,0,0,1
Augury Books,Retail Trade,5,-0.3010299956639812,-1.9540385448624027,3.0,0.19020708036603148,0,False,1,1,0,0,0,0,1,0,0,0,0,0,0,1
Beepi,Retail Trade,4,2.1760912590556813,0.8672778465305586,4.0,1.2859070221928885,0,False,1,1,0,0,0,1,0,1,0,0,0,0,0,1
Boxed,Retail Trade,8,2.513217600067939,1.251247775356613,3.0,0.19020708036603148,0,False,1,0,1,0,0,1,0,0,0,0,0,0,0,1
BurstIQ,Retail Trade,7,0.7634279935629372,-0.7416744883055636,4.0,1.2859070221928885,0,False,0,0,1,1,0,0,1,0,0,0,0,0,0,1
Carwoo,Retail Trade,6,1.1760912590556813,-0.271671805618081,2.0,-0.9054928614608255,0,False,0,1,1,0,0,0,0,0,0,0,0,0,0,1
Catelyn,Retail Trade,3,0.3010299956639812,-1.2683225271668068,3.0,0.19020708036603148,0,False,0,0,1,1,0,0,1,0,0,0,0,0,0,1
Chinictown,Retail Trade,4,0.0,-1.6111805360146048,3.0,0.19020708036603148,0,False,1,1,0,0,0,1,0,0,0,0,0,0,0,1
Combatant Gentlemen,Retail Trade,8,1.5440680443502757,0.14743522599197184,3.0,0.19020708036603148,0,False,1,0,1,0,0,0,0,1,0,0,0,0,0,1
ContextLogic,Retail Trade,13,3.255272505103306,2.096410951321836,4.0,1.2859070221928885,0,False,1,0,1,0,0,0,0,0,1,0,0,0,0,1
Crate,Retail Trade,4,0.6020599913279624,-0.9254645183190091,3.0,0.19020708036603148,0,False,0,1,0,1,0,0,1,0,0,0,0,0,0,1
Din,Retail Trade,3,0.47712125471966244,-1.067763448918923,4.0,1.2859070221928885,0,False,1,1,1,0,0,0,1,0,0,0,0,0,0,1
Dot & Bo,Retail Trade,5,1.3010299956639813,-0.12937287501816733,3.0,0.19020708036603148,0,False,1,0,1,0,0,0,0,1,0,0,0,0,0,1
Drizly,Retail Trade,11,2.0791812460476247,0.7569022209253122,4.0,1.2859070221928885,0,False,1,0,1,0,1,0,0,0,0,0,0,0,0,1
Drync,Retail Trade,7,0.8450980400142568,-0.6486564173088699,3.0,0.19020708036603148,0,False,0,0,1,0,0,1,1,0,0,0,0,0,0,1
Ecomom,Retail Trade,4,1.0791812460476249,-0.382047431223327,4.0,1.2859070221928885,0,False,1,1,0,0,0,0,0,1,0,0,0,0,0,1
ElectricObjects,Retail Trade,6,0.7781512503836436,-0.724905440071125,4.0,1.2859070221928885,0,False,1,1,0,1,0,0,1,0,0,0,0,0,0,1
Fab.com,Retail Trade,7,2.526339277389844,1.2661927051780035,4.0,1.2859070221928885,0,False,1,0,1,0,0,0,0,1,0,0,0,0,0,1
Fancy,Retail Trade,9,1.9030899869919435,0.5563431426774282,2.0,-0.9054928614608255,0,False,1,0,0,0,0,1,0,0,0,0,0,0,0,1
Fashism,Retail Trade,5,0.6989700043360189,-0.8150888927137631,3.0,0.19020708036603148,0,False,1,0,0,1,0,0,1,0,0,0,0,0,0,1
Fiksu,Retail Trade,10,1.2304489213782739,-0.20976116502415101,3.0,0.19020708036603148,0,False,1,1,0,0,0,1,0,0,0,0,0,0,0,1
Fobo,Retail Trade,4,0.3010299956639812,-1.2683225271668068,3.0,0.19020708036603148,0,False,1,0,1,1,0,0,0,0,0,0,0,0,0,1
Gilt Taste,Retail Trade,5,2.3979400086720375,1.119952402735718,3.0,0.19020708036603148,0,True,0,0,0,0,1,1,1,0,0,0,0,0,0,1
Goldbely,Retail Trade,7,1.5185139398778875,0.11833038759217536,3.0,0.19020708036603148,0,False,1,0,1,0,0,1,0,0,0,0,0,0,0,1
Good Eggs,Retail Trade,11,2.3010299956639813,1.0095767771304722,3.0,0.19020708036603148,0,False,1,0,1,0,0,0,0,1,0,0,0,0,0,1
Graze,Retail Trade,11,1.0,-0.47223088386596523,2.0,-0.9054928614608255,0,False,1,0,0,0,1,0,0,0,0,0,0,0,0,1
Groupon Now,Retail Trade,4,2.9777236052888476,1.780296728423921,3.0,0.19020708036603148,0,True,1,0,1,0,0,0,0,0,1,0,0,0,0,1
Havenly,Retail Trade,9,1.9294189257142926,0.5863304782766906,2.0,-0.9054928614608255,0,False,1,0,1,0,0,0,0,0,0,0,0,0,0,1
Heyday,Retail Trade,5,1.3979400086720377,-0.018997249412921274,3.0,0.19020708036603148,0,False,1,0,1,0,0,0,0,1,0,0,0,0,0,1
HobbyDB,Retail Trade,8,0.9030899869919435,-0.5826065094712113,2.0,-0.9054928614608255,0,False,1,0,0,0,0,0,1,0,0,0,0,0,0,1
Homejoy,Retail Trade,4,1.6020599913279623,0.21348513382963036,4.0,1.2859070221928885,0,False,0,0,1,0,0,0,0,1,0,0,0,0,0,1
Hush,Retail Trade,4,0.6989700043360189,-0.8150888927137631,2.0,-0.9054928614608255,0,False,0,0,1,0,0,0,1,0,0,0,0,0,0,1
Ibotta,Retail Trade,11,1.1139433523068367,-0.3424551423914437,1.0,-2.0011928032876827,0,False,0,0,1,0,0,0,0,0,0,0,0,0,0,1
Imercive,Retail Trade,5,0.3010299956639812,-1.2683225271668068,3.0,0.19020708036603148,0,False,1,1,0,1,0,0,0,0,0,0,0,0,0,1
Incredibowl,Retail Trade,5,0.0,-1.6111805360146048,2.0,-0.9054928614608255,0,False,1,0,0,0,0,0,1,0,0,0,0,0,0,1
Ipsy,Retail Trade,12,2.0,0.6667187682826743,2.0,-0.9054928614608255,0,False,1,0,1,0,0,0,0,0,0,0,0,0,0,1
Ista,Retail Trade,5,0.47712125471966244,-1.067763448918923,2.0,-0.9054928614608255,0,False,0,0,1,1,0,0,0,0,0,0,0,0,0,1
JustFab,Retail Trade,12,1.8808135922807914,0.5309714506700357,3.0,0.19020708036603148,0,False,1,0,1,0,0,0,0,0,0,0,0,0,0,1
Karma,Retail Trade,6,0.6989700043360189,-0.8150888927137631,2.0,-0.9054928614608255,0,False,0,0,1,0,0,0,1,0,0,0,0,0,0,1
Kozmo.com,Retail Trade,4,2.041392685158225,0.7138629526451328,5.0,2.3816069640197455,0,False,1,1,0,0,0,1,0,0,1,0,0,0,0,1
Lot18,Retail Trade,8,1.0,-0.47223088386596523,3.0,0.19020708036603148,0,False,0,0,1,0,0,1,1,0,0,0,0,0,0,1
Markafoni,Retail Trade,10,1.1760912590556813,-0.271671805618081,2.0,-0.9054928614608255,0,False,0,0,1,0,0,0,0,1,0,0,0,0,0,1
Massdrop,Retail Trade,10,1.3010299956639813,-0.12937287501816733,2.0,-0.9054928614608255,0,False,1,0,0,0,0,0,1,0,0,0,0,0,0,1
Mayvenn,Retail Trade,9,1.6020599913279623,0.21348513382963036,3.0,0.19020708036603148,0,False,1,0,0,0,0,0,1,1,0,0,0,0,0,1
Memebox,Retail Trade,9,1.7781512503836436,0.41404421207751463,2.0,-0.9054928614608255,0,False,1,0,1,0,0,0,0,0,0,0,0,0,0,1
ModCloth,Retail Trade,15,1.9030899869919435,0.5563431426774282,3.0,0.19020708036603148,0,False,1,0,0,0,1,0,0,1,0,0,0,0,0,1
MoveLoot,Retail Trade,4,1.3424226808222062,-0.0822286906557089,4.0,1.2859070221928885,0,False,1,1,0,0,0,1,1,0,0,0,0,0,0,1
Nasty Gal,Retail Trade,11,2.2041199826559246,0.899201151525226,3.0,0.19020708036603148,0,False,0,0,1,0,0,0,0,1,0,0,0,0,0,1
One Kings Lane,Retail Trade,10,2.3521825181113627,1.0678369247784427,3.0,0.19020708036603148,0,False,1,0,1,0,0,0,0,1,0,0,0,0,0,1
Operator,Retail Trade,5,1.0,-0.47223088386596523,2.0,-0.9054928614608255,0,False,1,0,0,1,0,0,0,0,0,0,0,0,0,1
Outdoor Voices,Retail Trade,9,1.8750612633917,0.5244198376827607,2.0,-0.9054928614608255,0,False,0,0,1,0,0,0,0,1,0,0,0,0,0,1
Peerby,Retail Trade,9,0.6989700043360189,-0.8150888927137631,2.0,-0.9054928614608255,0,False,1,0,0,1,0,0,0,0,0,0,0,0,0,1
PetCube,Retail Trade,8,1.1139433523068367,-0.3424551423914437,2.0,-0.9054928614608255,0,False,1,0,0,0,0,0,1,0,0,0,0,0,0,1
Pets.com,Retail Trade,2,2.4771212547196626,1.2101358553783566,5.0,2.3816069640197455,0,False,1,1,0,0,0,1,0,0,1,0,0,0,0,1
Plum,Retail Trade,6,0.9030899869919435,-0.5826065094712113,3.0,0.19020708036603148,0,False,1,0,0,1,0,0,1,0,0,0,0,0,0,1
Plum District,Retail Trade,7,1.0,-0.47223088386596523,2.0,-0.9054928614608255,0,False,0,0,1,0,0,0,0,0,1,0,0,0,0,1
PopSugar Shop,Retail Trade,6,1.1760912590556813,-0.271671805618081,2.0,-0.9054928614608255,0,False,1,0,0,0,0,0,1,0,0,0,0,0,0,1
Poshmark UK,Retail Trade,8,1.845098040014257,0.4902932348397698,1.0,-2.0011928032876827,0,True,0,0,1,0,0,0,0,0,0,0,0,0,0,1
Quirky,Retail Trade,10,1.8976270912904414,0.550121179518478,4.0,1.2859070221928885,0,False,1,0,0,0,0,0,0,1,1,0,0,0,0,1
Raise,Retail Trade,9,1.7781512503836436,0.41404421207751463,2.0,-0.9054928614608255,0,False,1,0,0,0,0,1,0,0,0,0,0,0,0,1
Rent the Runway UK,Retail Trade,6,2.6989700043360187,1.4628104115835159,2.0,-0.9054928614608255,0,True,0,0,1,1,0,0,0,0,0,0,0,0,0,1
RetailMeNot UK,Retail Trade,8,2.4771212547196626,1.2101358553783566,2.0,-0.9054928614608255,0,True,0,0,1,0,0,0,0,0,1,0,0,0,0,1
Sampling Lab,Retail Trade,4,0.3010299956639812,-1.2683225271668068,2.0,-0.9054928614608255,0,False,1,0,0,0,0,0,1,0,0,0,0,0,0,1
Selltag,Retail Trade,3,0.0,-1.6111805360146048,2.0,-0.9054928614608255,0,False,1,0,0,1,0,0,0,0,0,0,0,0,0,1
ShopKeep,Retail Trade,12,1.5440680443502757,0.14743522599197184,1.0,-2.0011928032876827,0,False,0,0,1,0,0,0,0,0,0,0,0,0,0,1
Shopkick,Retail Trade,11,1.1760912590556813,-0.271671805618081,4.0,1.2859070221928885,0,False,1,1,0,0,1,0,0,0,0,0,0,0,0,1
Shoptiques,Retail Trade,8,1.0,-0.47223088386596523,2.0,-0.9054928614608255,0,False,1,0,0,0,0,0,1,0,0,0,0,0,0,1
Slice,Retail Trade,11,1.1760912590556813,-0.271671805618081,2.0,-0.9054928614608255,0,False,1,0,0,1,0,0,0,0,0,0,0,0,0,1
Spring,Retail Trade,6,1.8129133566428555,0.45363650090939794,2.0,-0.9054928614608255,0,False,1,0,0,0,0,0,0,1,0,0,0,0,0,1
Teespring,Retail Trade,10,1.7403626894942439,0.37100494379733506,2.0,-0.9054928614608255,0,False,1,0,0,0,0,1,0,0,0,0,0,0,0,1
ThredUp Goody,Retail Trade,5,2.4771212547196626,1.2101358553783566,2.0,-0.9054928614608255,0,True,0,0,1,1,0,0,0,0,0,0,0,0,0,1
ThriftBooks Indie,Retail Trade,5,0.6989700043360189,-0.8150888927137631,2.0,-0.9054928614608255,0,False,1,0,0,0,0,0,1,0,0,0,0,0,0,1
Thrillist Rewards,Retail Trade,5,1.0,-0.47223088386596523,2.0,-0.9054928614608255,0,False,1,0,0,1,0,0,0,0,0,0,0,0,0,1
Thrive Market Organic,Retail Trade,5,2.1760912590556813,0.8672778465305586,3.0,0.19020708036603148,0,True,1,0,1,0,0,0,0,1,0,0,0,0,0,1
ToVieFor,Retail Trade,5,0.3010299956639812,-1.2683225271668068,2.0,-0.9054928614608255,0,False,0,0,1,0,0,0,0,0,1,0,0,0,0,1
Tradesy,Retail Trade,9,1.8750612633917,0.5244198376827607,2.0,-0.9054928614608255,0,False,0,0,1,0,0,0,1,0,0,0,0,0,0,1
Trunk Club,Retail Trade,9,1.2304489213782739,-0.20976116502415101,3.0,0.19020708036603148,0,False,1,0,1,0,1,0,0,0,0,0,0,0,0,1
Try.com,Retail Trade,4,1.0,-0.47223088386596523,2.0,-0.9054928614608255,0,False,1,0,0,1,0,0,0,0,0,0,0,0,0,1
Webvan,Retail Trade,3,2.0863598306747484,0.7650782673892944,6.0,3.4773069058466026,0,False,1,1,0,0,0,1,0,1,1,0,0,0,0,1
Wittlebee,Retail Trade,3,0.47712125471966244,-1.067763448918923,3.0,0.19020708036603148,0,False,1,0,0,1,0,0,1,0,0,0,0,0,0,1
Woot,Retail Trade,12,0.6989700043360189,-0.8150888927137631,3.0,0.19020708036603148,0,False,1,0,0,0,1,0,0,0,1,0,0,0,0,1
Yelp Deals,Retail Trade,8,2.6989700043360187,1.4628104115835159,2.0,-0.9054928614608255,0,True,0,0,1,0,0,0,0,0,1,0,0,0,0,1
Zaarly,Retail Trade,6,1.1760912590556813,-0.271671805618081,2.0,-0.9054928614608255,0,False,0,0,1,0,0,0,1,0,0,0,0,0,0,1
Zappos Labs,Retail Trade,5,3.1760912590556813,2.0062274986791984,1.0,-2.0011928032876827,0,True,1,0,0,0,0,0,0,0,0,0,0,0,0,1
Zappos Local,Retail Trade,5,3.1760912590556813,2.0062274986791984,2.0,-0.9054928614608255,0,True,1,0,0,1,0,0,0,0,0,0,0,0,0,1
Zing,Retail Trade,5,0.47712125471966244,-1.067763448918923,2.0,-0.9054928614608255,0,False,1,0,0,0,0,0,1,0,0,0,0,0,0,1
Zola Books,Retail Trade,6,1.0,-0.47223088386596523,2.0,-0.9054928614608255,0,False,1,0,0,0,0,0,1,0,0,0,0,0,0,1
Airy Labs,Information,2,0.17609125905568124,-1.4106214577667209,3.0,0.19020708036603148,0,False,1,1,0,0,0,0,0,1,0,0,0,1,0,0
Ask Jeeves,Information,11,1.3010299956639813,-0.12937287501816733,1.0,-2.0011928032876827,0,False,1,0,0,0,0,0,0,0,0,0,0,1,0,0
Bebo,Information,14,1.1072099696478683,-0.3501241262286594,2.0,-0.9054928614608255,0,False,1,0,0,0,0,0,0,1,0,0,0,1,0,0
Burbn,Information,2,-0.3010299956639812,-1.9540385448624027,1.0,-2.0011928032876827,0,False,0,0,0,1,0,0,0,0,0,0,0,1,0,0
Canvas,Information,6,0.9542425094393249,-0.5243463618232408,2.0,-0.9054928614608255,0,False,1,0,1,0,0,0,0,0,0,0,0,1,0,0
Change.org,Information,15,1.6989700043360187,0.3238607594348764,1.0,-2.0011928032876827,0,False,0,0,0,0,0,1,0,0,0,0,0,1,0,0
Chirp,Information,5,0.25527250510330607,-1.3204380051240827,2.0,-0.9054928614608255,0,False,0,0,0,1,0,0,1,0,0,0,0,1,0,0
Cloudera,Information,15,2.4771212547196626,1.2101358553783566,2.0,-0.9054928614608255,0,False,1,0,1,0,0,0,0,0,0,0,0,1,0,0
Cocoon,Information,4,0.47712125471966244,-1.067763448918923,3.0,0.19020708036603148,0,False,1,0,1,0,0,0,0,0,0,0,0,1,0,0
Codeacademy,Information,11,1.6283889300503116,0.24347246942889295,3.0,0.19020708036603148,0,False,0,0,1,0,1,1,0,0,0,0,0,1,0,0
CollabFinder,Information,7,-0.12493873660829995,-1.7534794666145186,4.0,1.2859070221928885,0,False,1,1,1,0,0,0,1,0,0,0,0,1,0,0
Color Labs,Information,3,1.6127838567197355,0.22569907658727925,5.0,2.3816069640197455,0,False,1,0,1,1,1,0,0,0,0,0,0,1,0,0
Connect,Information,6,1.0,-0.47223088386596523,3.0,0.19020708036603148,0,False,1,0,0,0,0,0,0,0,0,0,0,1,0,0
Coub,Information,9,0.0,-1.6111805360146048,4.0,1.2859070221928885,0,False,1,0,1,0,0,1,0,0,1,0,0,1,0,0
Domo,Information,13,2.838849090737255,1.6221256483830737,2.0,-0.9054928614608255,0,False,1,0,1,0,0,0,0,0,0,0,0,1,0,0
Digg,Information,14,1.6532125137753437,0.2717452814776009,2.0,-0.9054928614608255,0,False,0,0,1,0,0,0,0,1,0,0,0,1,0,0
Drifty,Information,7,0.6232492903979004,-0.9013309735140297,2.0,-0.9054928614608255,0,False,0,0,1,0,0,1,0,0,0,0,0,1,0,0
Dropbox Paper,Information,6,3.230448921378274,2.0681381392731284,2.0,-0.9054928614608255,0,True,1,0,1,0,0,0,0,0,0,0,0,1,0,0
Evernote,Information,15,2.462397997898956,1.1933668071439176,4.0,1.2859070221928885,0,False,1,0,1,0,1,0,0,1,0,0,0,1,0,0
Exec,Information,3,0.5185139398778874,-1.0206192645564642,2.0,-0.9054928614608255,0,False,0,1,1,0,0,0,0,0,0,0,0,1,0,0
EyeEm,Information,12,1.380211241711606,-0.039189422375529366,2.0,-0.9054928614608255,0,False,1,0,1,0,0,0,0,0,0,0,0,1,0,0
Factual,Information,14,2.0170333392987803,0.6861188841519499,3.0,0.19020708036603148,0,False,1,0,1,0,1,0,0,0,0,0,0,1,0,0
Formspring,Information,7,1.146128035678238,-0.30579840846107215,2.0,-0.9054928614608255,0,False,1,0,0,0,0,0,0,0,0,0,0,1,0,0
Foursquare Swarm,Information,7,2.2095150145426308,0.9053458212159208,3.0,0.19020708036603148,0,True,1,0,1,0,0,0,0,0,1,0,0,1,0,0
Friendster,Information,12,1.6857417386022637,0.30879443077888635,3.0,0.19020708036603148,0,False,1,0,1,0,0,0,0,1,0,0,0,1,0,0
GeoCities,Information,11,1.380211241711606,-0.039189422375529366,3.0,0.19020708036603148,1,True,1,0,0,0,1,0,0,0,1,0,0,1,0,0
GetGlue,Information,8,1.380211241711606,-0.039189422375529366,4.0,1.2859070221928885,0,False,1,0,1,0,1,0,0,0,1,0,0,1,0,0
Gigya,Information,12,2.0195316845312554,0.6889643735854246,3.0,0.19020708036603148,0,False,1,0,0,0,1,0,0,0,0,0,0,1,0,0
Gimlet,Information,7,1.4548448600085102,0.04581451122232412,2.0,-0.9054928614608255,0,False,0,0,0,0,1,1,0,0,0,0,0,1,0,0
Gowalla,Information,5,1.0170333392987803,-0.4528307679966897,2.0,-0.9054928614608255,0,False,0,0,1,0,1,0,0,0,0,0,0,1,0,0
Grooveshark,Information,11,0.6901960800285137,-0.8250819507517745,3.0,0.19020708036603148,0,False,1,0,1,0,0,0,0,0,0,0,0,1,0,0
GroupMe,Information,5,1.0606978403536116,-0.40309909970904567,1.0,-2.0011928032876827,0,False,0,0,0,0,1,0,0,0,0,0,0,1,0,0
HootSuite Media,Information,15,2.39776625612645,1.1197545073343613,2.0,-0.9054928614608255,0,False,1,0,1,0,0,0,0,0,0,0,0,1,0,0
Houseparty,Information,5,1.845098040014257,0.4902932348397698,4.0,1.2859070221928885,0,False,1,0,1,0,1,0,0,0,1,0,0,1,0,0
Huddle,Information,12,1.9503648543761232,0.6101868364400127,3.0,0.19020708036603148,0,False,1,0,1,0,1,0,0,0,0,0,0,1,0,0
Hulu Japan,Information,8,2.832508912706236,1.614904504820084,2.0,-0.9054928614608255,0,True,1,0,1,0,0,0,0,0,0,0,0,1,0,0
IFTTT,Information,12,1.7958800173440752,0.43423638504012246,2.0,-0.9054928614608255,0,False,0,0,1,0,0,1,0,0,0,0,0,1,0,0
Inkling,Information,11,1.6812412373755872,0.3036685864722686,2.0,-0.9054928614608255,0,False,1,0,1,0,0,0,0,0,0,0,0,1,0,0
Instagram Live,Information,5,1.7596678446896306,0.39299254359179625,2.0,-0.9054928614608255,0,True,1,0,1,0,0,0,0,0,0,0,0,1,0,0
Intercom,Information,12,2.381656482585787,1.1014062863640297,2.0,-0.9054928614608255,0,False,1,0,1,0,0,0,0,0,0,0,0,1,0,0
Invision,Information,12,2.5440680443502757,1.2863848781406113,2.0,-0.9054928614608255,0,False,1,0,1,0,0,0,0,0,0,0,0,1,0,0
Jawbone,Information,18,2.9684829485539352,1.7697720856500676,3.0,0.19020708036603148,0,False,1,0,1,0,0,0,0,1,0,0,0,1,0,0
Jetpac,Information,5,0.6434526764861874,-0.8783203339565505,2.0,-0.9054928614608255,0,False,0,0,0,0,1,0,1,0,0,0,0,1,0,0
Kik,Information,13,2.080987046910887,0.7589589371903748,3.0,0.19020708036603148,0,False,1,0,1,0,0,0,0,0,0,0,0,1,0,0
Knewton,Information,12,2.2607866686549762,0.9637416538322621,4.0,1.2859070221928885,0,False,0,0,1,0,1,1,0,0,0,0,0,1,0,0
Mailbox,Information,3,0.724275869600789,-0.7862667862731327,1.0,-2.0011928032876827,0,False,0,0,0,0,1,0,0,0,0,0,0,1,0,0
Maker Media,Information,14,1.0,-0.47223088386596523,3.0,0.19020708036603148,0,False,0,1,0,0,0,1,0,0,1,0,0,1,0,0
Medium One,Information,6,0.47712125471966244,-1.067763448918923,2.0,-0.9054928614608255,0,False,1,0,1,0,0,0,0,0,0,0,0,1,0,0
Milk,Information,3,0.17609125905568124,-1.4106214577667209,2.0,-0.9054928614608255,0,False,0,0,0,1,1,0,0,0,0,0,0,1,0,0
Mixpanel,Information,14,2.4424797690644486,1.1706809473414386,2.0,-0.9054928614608255,0,False,1,0,1,0,0,0,0,0,0,0,0,1,0,0
Mobli,Information,7,1.9344984512435677,0.5921158021113385,2.0,-0.9054928614608255,0,False,1,0,1,0,0,0,0,0,0,0,0,1,0,0
Music.ly,Information,4,1.2068258760318498,-0.2366666243041523,2.0,-0.9054928614608255,0,False,1,0,0,0,1,0,0,0,0,0,0,1,0,0
MySpace,Information,15,1.1072099696478683,-0.3501241262286594,3.0,0.19020708036603148,0,False,1,0,1,0,0,0,0,1,0,0,0,1,0,0
Netscape,Information,9,1.3010299956639813,-0.12937287501816733,1.0,-2.0011928032876827,0,False,1,0,0,0,0,0,0,0,0,0,0,1,0,0
NewsTilt,Information,2,-0.3010299956639812,-1.9540385448624027,2.0,-0.9054928614608255,0,False,0,1,0,1,0,0,0,0,0,0,0,1,0,0
Notion AI,Information,5,2.5352941200427703,1.2763918201025997,1.0,-2.0011928032876827,0,True,0,0,1,0,0,0,0,0,0,0,0,1,0,0
Nuzzel,Information,7,0.7075701760979364,-0.8052937300771086,4.0,1.2859070221928885,0,False,1,0,1,0,1,0,0,0,0,0,0,1,0,0
Path,Information,8,1.7708520116421442,0.405730746651934,4.0,1.2859070221928885,0,False,1,0,1,0,0,0,1,0,0,0,0,1,0,0
Periscope,Information,5,0.17609125905568124,-1.4106214577667209,3.0,0.19020708036603148,0,True,1,0,1,0,0,0,0,0,1,0,0,1,0,0
Photobucket,Information,15,1.1760912590556813,-0.271671805618081,3.0,0.19020708036603148,0,False,1,0,1,0,0,0,0,0,1,0,0,1,0,0
Pinterest UK,Information,8,3.1760912590556813,2.0062274986791984,1.0,-2.0011928032876827,0,True,1,0,0,0,0,0,0,0,0,0,0,1,0,0
Piston Cloud,Information,6,1.0969100130080565,-0.3618552582607192,3.0,0.19020708036603148,0,False,1,0,1,0,1,0,0,0,0,0,0,1,0,0
Plex,Information,15,1.7781512503836436,0.41404421207751463,4.0,1.2859070221928885,0,False,1,0,1,0,0,1,1,0,0,0,0,1,0,0
Pocket,Information,11,1.1613680022349748,-0.2884408538525198,3.0,0.19020708036603148,0,False,0,0,1,0,1,1,0,0,0,0,0,1,0,0
Pulse,Information,7,1.0,-0.47223088386596523,2.0,-0.9054928614608255,0,False,0,0,1,0,1,0,0,0,0,0,0,1,0,0
Quibb,Information,6,-0.12493873660829995,-1.7534794666145186,4.0,1.2859070221928885,0,False,1,1,1,0,0,0,1,0,0,0,0,1,0,0
Quid,Information,12,1.8976270912904414,0.550121179518478,3.0,0.19020708036603148,0,False,1,0,1,0,1,0,0,0,0,0,0,1,0,0
Quixey,Information,8,2.2174839442139063,0.914422030893017,3.0,0.19020708036603148,0,False,1,0,0,0,0,0,0,0,1,0,0,1,0,0
Rap Genius,Information,11,1.7543483357110188,0.38693389069100476,3.0,0.19020708036603148,0,False,1,0,1,0,0,1,0,0,0,0,0,1,0,0
Readability,Information,6,0.0,-1.6111805360146048,2.0,-0.9054928614608255,0,False,0,0,1,0,0,1,0,0,0,0,0,1,0,0
Refresh,Information,5,1.0,-0.47223088386596523,2.0,-0.9054928614608255,0,False,1,0,0,0,1,0,0,0,0,0,0,1,0,0
RethinkDB,Information,10,1.0863598306747482,-0.3738713847593454,2.0,-0.9054928614608255,0,False,0,0,1,0,0,1,0,0,0,0,0,1,0,0
Riffsy,Information,6,1.1139433523068367,-0.3424551423914437,2.0,-0.9054928614608255,0,False,1,0,0,0,1,0,0,0,0,0,0,1,0,0
Rockmelt,Information,5,1.6020599913279623,0.21348513382963036,3.0,0.19020708036603148,0,False,1,0,1,0,1,0,0,0,0,0,0,1,0,0
Secret,Information,4,1.5440680443502757,0.14743522599197184,2.0,-0.9054928614608255,0,False,0,0,1,0,0,0,0,0,0,0,0,1,0,0
ShareThis,Information,13,1.806179973983887,0.44596751707218224,2.0,-0.9054928614608255,0,False,1,0,0,0,0,0,0,0,0,0,0,1,0,0
Songza,Information,10,0.8260748027008264,-0.6703229268297425,3.0,0.19020708036603148,0,False,1,0,1,0,1,0,0,0,0,0,0,1,0,0
SoundCloud Go,Information,6,2.734799829588847,1.5036187785917714,3.0,0.19020708036603148,0,True,1,0,1,0,0,1,0,0,0,0,0,1,0,0
Soundwave,Information,4,0.3979400086720376,-1.1579469015615609,3.0,0.19020708036603148,0,False,1,0,1,0,0,0,1,0,0,0,0,1,0,0
Spoke,Information,6,1.4471580313422192,0.037059600386725795,2.0,-0.9054928614608255,0,False,1,0,1,0,0,0,0,0,0,0,0,1,0,0
Substack Local,Information,3,1.9159272116971158,0.5709640952899381,2.0,-0.9054928614608255,0,True,0,0,0,0,0,1,1,0,0,0,0,1,0,0
Tango,Information,11,2.5646660642520893,1.3098449857427328,2.0,-0.9054928614608255,0,False,1,0,1,0,0,0,0,0,0,0,0,1,0,0
Tasty Labs,Information,5,0.3979400086720376,-1.1579469015615609,1.0,-2.0011928032876827,0,False,0,0,0,1,0,0,0,0,0,0,0,1,0,0
TinyChat,Information,9,0.17609125905568124,-1.4106214577667209,2.0,-0.9054928614608255,0,False,1,0,1,0,0,0,0,0,0,0,0,1,0,0
Tinder Social,Information,5,1.6989700043360187,0.3238607594348764,2.0,-0.9054928614608255,0,True,0,0,1,1,0,0,0,0,0,0,0,1,0,0
TokBox,Information,11,1.414973347970818,0.00040286645635425364,3.0,0.19020708036603148,0,False,1,0,1,0,1,0,0,0,0,0,0,1,0,0
Top Hat,Information,13,2.116275587580544,0.7991508083109138,3.0,0.19020708036603148,0,False,1,0,1,0,0,0,1,0,0,0,0,1,0,0
Topix,Information,14,1.1760912590556813,-0.271671805618081,3.0,0.19020708036603148,0,False,1,0,0,0,0,0,0,0,1,0,0,1,0,0
Trello Gold,Information,5,1.0,-0.47223088386596523,2.0,-0.9054928614608255,0,True,0,0,1,0,0,1,0,0,0,0,0,1,0,0
Tumblr,Information,13,2.0969100130080562,0.7770943938879201,2.0,-0.9054928614608255,0,False,1,0,0,0,0,0,0,1,0,0,0,1,0,0
Treehouse,Information,11,1.390935107103379,-0.02697547961788048,3.0,0.19020708036603148,0,False,1,0,1,0,1,0,0,0,0,0,0,1,0,0
TuneIn Premium,Information,6,2.1687920203141817,0.8589643811049777,3.0,0.19020708036603148,0,True,1,0,1,0,0,1,0,0,0,0,0,1,0,0
Twilio SendGrid,Information,8,1.9079485216122722,0.5618767689932038,2.0,-0.9054928614608255,0,True,1,0,1,0,0,0,0,0,0,0,0,1,0,0
Twitter Fabric,Information,6,2.8095597146352675,1.5887665236600643,3.0,0.19020708036603148,0,True,1,0,1,0,1,0,0,0,0,0,0,1,0,0
Twitter Music,Information,2,2.8095597146352675,1.5887665236600643,2.0,-0.9054928614608255,0,True,1,0,1,0,0,0,0,0,0,0,0,1,0,0
Udacity Blitz,Information,5,2.2121876044039577,0.9083897665088151,1.0,-2.0011928032876827,0,True,0,0,1,0,0,0,0,0,0,0,0,1,0,0
Vdio,Information,2,0.3010299956639812,-1.2683225271668068,3.0,0.19020708036603148,0,True,1,0,1,0,0,0,0,0,1,0,0,1,0,0
Vine,Information,5,2.8095597146352675,1.5887665236600643,3.0,0.19020708036603148,0,True,1,0,1,0,1,0,0,0,0,0,0,1,0,0
VisiCalc,Information,5,-0.3010299956639812,-1.9540385448624027,2.0,-0.9054928614608255,0,False,0,0,1,0,0,0,0,0,1,0,0,1,0,0
Whisper,Information,8,1.7853298350107671,0.4222202585414965,3.0,0.19020708036603148,0,False,1,0,1,0,0,0,0,0,0,0,0,1,0,0
WhoSay,Information,9,1.0791812460476249,-0.382047431223327,2.0,-0.9054928614608255,0,False,1,0,0,0,1,0,0,0,0,0,0,1,0,0
Wickr,Information,8,1.863322860120456,0.5110503873601966,2.0,-0.9054928614608255,0,False,0,0,1,0,1,0,0,0,0,0,0,1,0,0
Wishbone,Information,6,0.9030899869919435,-0.5826065094712113,4.0,1.2859070221928885,0,False,1,0,1,0,0,0,1,0,1,0,0,1,0,0
Woo,Information,5,0.17609125905568124,-1.4106214577667209,3.0,0.19020708036603148,0,False,1,1,1,0,0,0,0,0,0,0,0,1,0,0
Workable,Information,10,1.9242792860618816,0.5804766874824078,1.0,-2.0011928032876827,0,False,0,0,1,0,0,0,0,0,0,0,0,1,0,0
Xmarks,Information,8,0.3010299956639812,-1.2683225271668068,3.0,0.19020708036603148,0,False,1,0,0,0,1,0,0,0,1,0,0,1,0,0
Xobni,Information,7,1.6211762817750353,0.23525762618469648,2.0,-0.9054928614608255,0,False,1,0,0,0,1,0,0,0,0,0,0,1,0,0
Yahoo Answers,Information,15,3.0,1.8056684204313138,2.0,-0.9054928614608255,0,True,0,0,1,0,0,0,0,1,0,0,0,1,0,0
Yahoo Buzz,Information,4,3.0,1.8056684204313138,1.0,-2.0011928032876827,0,True,0,0,1,0,0,0,0,0,0,0,0,1,0,0
Yahoo Groups,Information,15,3.0,1.8056684204313138,3.0,0.19020708036603148,0,True,1,0,1,0,0,0,0,1,0,0,0,1,0,0
Yahoo Live,Information,2,3.0,1.8056684204313138,2.0,-0.9054928614608255,0,True,0,0,0,1,0,0,0,0,1,0,0,1,0,0
Yammer,Information,10,2.1522883443830563,0.8401675251440485,3.0,0.19020708036603148,0,False,1,0,1,0,1,0,0,0,0,0,0,1,0,0
Yik Yak,Information,5,1.866287339084195,0.5144267796447491,4.0,1.2859070221928885,0,False,1,0,1,0,1,0,0,0,0,0,0,1,0,0
Yo,Information,4,0.17609125905568124,-1.4106214577667209,3.0,0.19020708036603148,0,False,0,1,0,1,0,0,0,0,0,0,0,1,0,0
Yola,Information,13,1.3979400086720377,-0.018997249412921274,2.0,-0.9054928614608255,0,False,1,0,1,0,0,0,0,0,0,0,0,1,0,0
YouNow,Information,11,1.4771212547196624,0.07118620322971668,3.0,0.19020708036603148,0,False,1,0,1,0,1,0,0,0,0,0,0,1,0,0
Zapier Plus,Information,5,0.146128035678238,-1.4447480606097116,2.0,-0.9054928614608255,0,True,0,0,1,0,0,1,0,0,0,0,0,1,0,0
Zencoder,Information,7,0.3010299956639812,-1.2683225271668068,1.0,-2.0011928032876827,0,False,0,0,0,0,1,0,0,0,0,0,0,1,0,0
Zendesk Chat,Information,8,1.9319661147281726,0.5892315983180061,2.0,-0.9054928614608255,0,True,1,0,1,0,0,0,0,0,0,0,0,1,0,0
Ziddu,Information,12,0.0,-1.6111805360146048,2.0,-0.9054928614608255,0,False,1,0,1,0,0,0,0,0,0,0,0,1,0,0
Zombie Labs,Information,5,0.17609125905568124,-1.4106214577667209,4.0,1.2859070221928885,0,False,1,1,1,0,0,0,1,0,0,0,0,1,0,0
Zoomdata,Information,9,1.6739419986340878,0.29535512104668793,3.0,0.19020708036603148,0,False,1,0,1,0,1,0,0,0,0,0,0,1,0,0
Zopim,Information,8,0.47712125471966244,-1.067763448918923,1.0,-2.0011928032876827,0,False,0,0,0,0,1,0,0,0,0,0,0,1,0,0
Zscaler Shift,Information,5,1.5185139398778875,0.11833038759217536,2.0,-0.9054928614608255,0,True,1,0,1,0,0,0,0,0,0,0,0,1,0,0
Zulily,Information,10,2.1398790864012365,0.8260340050822321,4.0,1.2859070221928885,0,False,1,0,1,0,1,0,0,0,1,0,0,1,0,0
Zume,Information,7,2.574031267727719,1.3205114809836023,1.0,-2.0011928032876827,0,False,0,0,0,0,0,0,0,1,0,0,0,1,0,0
Zumper Pro,Information,6,2.2329961103921536,0.9320896071658037,3.0,0.19020708036603148,0,True,1,0,1,0,0,1,0,0,0,0,0,1,0,0
Zurb,Information,15,0.0,-1.6111805360146048,2.0,-0.9054928614608255,0,False,1,0,1,0,0,0,0,0,0,0,0,1,0,0
Zuuka,Information,8,0.3979400086720376,-1.1579469015615609,3.0,0.19020708036603148,0,False,1,0,1,0,0,0,1,0,0,0,0,1,0,0
Zynga Games,Information,12,2.937517892017347,1.7345044452789573,4.0,1.2859070221928885,0,False,1,0,0,0,1,0,0,0,1,0,0,1,0,0
Bitpass,Information,6,0.17609125905568124,-1.4106214577667209,3.0,0.19020708036603148,0,False,1,1,1,0,0,0,0,0,0,0,0,1,0,0
Blync,Information,5,0.3010299956639812,-1.2683225271668068,3.0,0.19020708036603148,0,False,1,0,1,0,0,0,0,0,1,0,0,1,0,0
BountyJobs,Information,15,1.3710678622717363,-0.04960327120803192,2.0,-0.9054928614608255,0,False,1,0,1,0,0,0,0,0,0,0,0,1,0,0
BranchOut,Information,7,1.6901960800285136,0.31386770139686493,3.0,0.19020708036603148,0,False,1,0,1,0,0,0,0,0,0,0,0,1,0,0
Burstly,Information,6,0.8633228601204559,-0.6278992647884429,2.0,-0.9054928614608255,0,False,1,0,0,0,1,0,0,0,0,0,0,1,0,0
CloudHammer,Information,5,0.0,-1.6111805360146048,2.0,-0.9054928614608255,0,False,1,1,0,0,0,0,0,0,0,0,0,1,0,0
Crunchyroll,Information,15,0.6074550232146685,-0.9193198486283144,3.0,0.19020708036603148,0,False,1,0,1,0,1,0,0,0,0,0,0,1,0,0
Curse,Information,14,1.7634279935629373,0.3972751638430761,3.0,0.19020708036603148,0,False,1,0,1,0,1,0,0,0,0,0,0,1,0,0
DailyBurn,Information,12,-0.2798406965940431,-1.9299050000574234,4.0,1.2859070221928885,0,False,1,1,1,0,1,0,0,0,0,0,0,1,0,0
Dailylook,Information,9,0.5440680443502757,-0.9915144261566677,2.0,-0.9054928614608255,0,False,1,0,1,0,0,0,0,0,0,0,0,1,0,0
Datto,Information,15,2.0,0.6667187682826743,2.0,-0.9054928614608255,0,False,0,0,1,0,1,0,0,0,0,0,0,1,0,0
Deem,Information,14,2.0,0.6667187682826743,3.0,0.19020708036603148,0,False,1,0,1,0,1,0,0,0,0,0,0,1,0,0
Detour,Information,6,0.47712125471966244,-1.067763448918923,3.0,0.19020708036603148,0,False,1,0,1,0,1,0,0,0,0,0,0,1,0,0
Disruptive Media,Information,5,0.0,-1.6111805360146048,2.0,-0.9054928614608255,0,False,1,0,1,0,0,0,0,0,0,0,0,1,0,0
Divshot,Information,5,0.25527250510330607,-1.3204380051240827,3.0,0.19020708036603148,0,False,1,0,1,0,1,0,0,0,0,0,0,1,0,0
Drawbridge,Information,10,1.667452952889954,0.28796442465363015,4.0,1.2859070221928885,0,False,1,0,1,0,1,0,0,0,0,0,0,1,0,0
Dunwello,Information,5,0.07918124604762482,-1.5209970833719666,3.0,0.19020708036603148,0,False,1,0,1,0,0,0,1,0,0,0,0,1,0,0
Everalbum,Information,6,0.3010299956639812,-1.2683225271668068,2.0,-0.9054928614608255,0,False,1,0,1,0,0,0,0,0,0,0,0,1,0,0
Friend.ly,Information,3,0.0,-1.6111805360146048,2.0,-0.9054928614608255,0,False,1,0,0,0,0,0,0,0,1,0,0,1,0,0
Frontback,Information,3,0.47712125471966244,-1.067763448918923,3.0,0.19020708036603148,0,False,1,0,1,0,0,0,1,0,0,0,0,1,0,0
Froyo,Information,4,0.17609125905568124,-1.4106214577667209,3.0,0.19020708036603148,0,False,1,0,1,0,0,0,1,0,0,0,0,1,0,0
GoAnimate,Information,14,1.0,-0.47223088386596523,3.0,0.19020708036603148,0,False,1,0,1,0,1,0,0,0,0,0,0,1,0,0
Hitpost,Information,4,0.0,-1.6111805360146048,2.0,-0.9054928614608255,0,False,1,0,0,0,0,0,1,0,0,0,0,1,0,0
Homer,Information,6,0.3424226808222063,-1.2211783428043481,3.0,0.19020708036603148,0,False,1,0,1,0,1,0,0,0,0,0,0,1,0,0
Hot Potato,Information,2,0.146128035678238,-1.4447480606097116,2.0,-0.9054928614608255,0,False,0,0,1,0,1,0,0,0,0,0,0,1,0,0
Humanoid,Information,5,0.0,-1.6111805360146048,2.0,-0.9054928614608255,0,False,1,0,1,0,0,0,0,0,0,0,0,1,0,0
